,variable,sql_condition,m_probability,u_probability,1-u
0,first_name,Exact match,0.5560502655590774,0.013739694256035022,0.986260305743965
1,first_name,All other comparisons,0.44394973444092267,0.986260305743965,0.013739694256035051
2,surname,Exact match,0.7479858148964273,0.0007216228286674658,0.9992783771713325
3,surname,All other comparisons,0.25201418510357265,0.9992783771713325,0.0007216228286675008
4,dob,Exact match,0.22935316322114324,0.0020239360473175917,0.9979760639526825
5,dob,All other comparisons,0.7706468367788568,0.9979760639526825,0.0020239360473175427
6,birth_place,Exact match,0.5848457794419964,0.0042696557245796634,0.9957303442754203
7,birth_place,All other comparisons,0.4151542205580036,0.9957303442754203,0.004269655724579713
