,variable,sql_condition,m_probability,u_probability,1-u
0,first_name,Exact match,0.5417928815817445,0.011166835692752255,0.9888331643072478
1,first_name,All other comparisons,0.4582071184182554,0.9888331643072478,0.01116683569275223
2,surname,Exact match,0.7509879463796207,0.0006199147617202634,0.9993800852382797
3,surname,All other comparisons,0.2490120536203793,0.9993800852382797,0.0006199147617202971
4,dob,Exact match,0.6397897329671783,0.0019285252121691826,0.9980714747878309
5,dob,All other comparisons,0.3602102670328216,0.9980714747878309,0.0019285252121691299
6,birth_place,Exact match,0.8367636631614845,0.004874031269408365,0.9951259687305917
7,birth_place,All other comparisons,0.16323633683851543,0.9951259687305917,0.00487403126940833
