,variable,sql_condition,m_probability,u_probability,1-u
0,first_name,Exact match,0.5552718850357701,0.012546659579515732,0.9874533404204843
1,first_name,All other comparisons,0.44472811496423004,0.9874533404204843,0.012546659579515729
2,surname,Exact match,0.7844522106142235,0.0007674506050049166,0.9992325493949951
3,surname,All other comparisons,0.21554778938577646,0.9992325493949951,0.0007674506050049379
4,dob,Exact match,0.6370091156225143,0.0025201081503902598,0.9974798918496097
5,dob,All other comparisons,0.3629908843774857,0.9974798918496097,0.0025201081503902767
6,birth_place,Exact match,0.8448816189132526,0.005035747100600583,0.9949642528993994
7,birth_place,All other comparisons,0.1551183810867473,0.9949642528993994,0.005035747100600618
