,variable,sql_condition,m_probability,u_probability,1-u
0,first_name,Exact match,0.5464135951998251,0.012124103631737219,0.9878758963682628
1,first_name,All other comparisons,0.4535864048001749,0.9878758963682628,0.012124103631737215
2,surname,Exact match,0.7499490797747808,0.0008416208978128148,0.9991583791021872
3,surname,All other comparisons,0.2500509202252193,0.9991583791021872,0.0008416208978128115
4,dob,Exact match,0.6397121559481668,0.0018628505252709074,0.9981371494747291
5,dob,All other comparisons,0.3602878440518331,0.9981371494747291,0.0018628505252709093
6,birth_place,Exact match,0.8506056056823527,0.004349984206488877,0.9956500157935111
7,birth_place,All other comparisons,0.14939439431764734,0.9956500157935111,0.0043499842064889105
