,variable,sql_condition,m_probability,u_probability,1-u
0,first_name,Exact match,0.5408091604841024,0.013850905900323394,0.9861490940996767
1,first_name,All other comparisons,0.4591908395158976,0.9861490940996767,0.01385090590032334
2,surname,Exact match,0.7784864092445584,0.000705898275974723,0.9992941017240253
3,surname,All other comparisons,0.22151359075544164,0.9992941017240253,0.0007058982759746701
4,dob,Exact match,0.6396250698117437,0.0018528591827021146,0.9981471408172979
5,dob,All other comparisons,0.36037493018825634,0.9981471408172979,0.0018528591827020602
6,birth_place,Exact match,0.8475852102315243,0.004693235996010423,0.9953067640039895
7,birth_place,All other comparisons,0.15241478976847572,0.9953067640039895,0.004693235996010459
