,variable,sql_condition,m_probability,u_probability,1-u
0,first_name,Exact match,0.5536121407287184,0.013213150861165224,0.9867868491388347
1,first_name,All other comparisons,0.4463878592712816,0.9867868491388347,0.013213150861165257
2,surname,Exact match,0.7738561417653096,0.0007073750952117002,0.9992926249047883
3,surname,All other comparisons,0.22614385823469055,0.9992926249047883,0.000707375095211682
4,dob,Exact match,0.6459974986678567,0.002183011757350515,0.9978169882426495
5,dob,All other comparisons,0.3540025013321432,0.9978169882426495,0.0021830117573504726
6,birth_place,Exact match,0.8404537895702289,0.005042840050428401,0.9949571599495716
7,birth_place,All other comparisons,0.15954621042977118,0.9949571599495716,0.005042840050428432
