,variable,sql_condition,m_probability,u_probability,1-u
0,first_name,Exact match,0.5591160510285682,0.013008464720327656,0.9869915352796723
1,first_name,All other comparisons,0.4408839489714318,0.9869915352796723,0.013008464720327684
2,surname,Exact match,0.8033804595048902,0.0006100493905371955,0.9993899506094628
3,surname,All other comparisons,0.19661954049510977,0.9993899506094628,0.0006100493905372151
4,dob,Exact match,0.6368448949035179,0.001776496252618847,0.9982235037473811
5,dob,All other comparisons,0.36315510509648197,0.9982235037473811,0.0017764962526188866
6,birth_place,Exact match,0.8305243193687415,0.006118495641808944,0.993881504358191
7,birth_place,All other comparisons,0.1694756806312584,0.993881504358191,0.006118495641808996
