,variable,sql_condition,m_probability,u_probability,1-u
0,first_name,Exact match,0.5499462579712607,0.01311465406347591,0.9868853459365241
1,first_name,All other comparisons,0.45005374202873916,0.9868853459365241,0.013114654063475895
2,surname,Exact match,0.7920478446831554,0.0005584165787677608,0.9994415834212322
3,surname,All other comparisons,0.20795215531684452,0.9994415834212322,0.000558416578767762
4,dob,Exact match,0.6347252231953606,0.0018784745295709817,0.998121525470429
5,dob,All other comparisons,0.3652747768046394,0.998121525470429,0.001878474529571017
6,birth_place,Exact match,0.8399058675354676,0.005842432167374959,0.994157567832625
7,birth_place,All other comparisons,0.16009413246453247,0.994157567832625,0.005842432167375011
