,variable,sql_condition,m_probability,u_probability,1-u
0,first_name,Exact match,0.6282964222154871,0.013829731776798556,0.9861702682232014
1,first_name,All other comparisons,0.37170357778451296,0.9861702682232014,0.013829731776798582
2,surname,Exact match,0.8411013897203291,0.0007368901535936446,0.9992631098464063
3,surname,All other comparisons,0.1588986102796709,0.9992631098464063,0.0007368901535936834
4,dob,Exact match,0.7349637941449937,0.0020649816594821816,0.9979350183405178
5,dob,All other comparisons,0.2650362058550063,0.9979350183405178,0.0020649816594822124
6,birth_place,Exact match,0.8856141954038463,0.005030408902691511,0.9949695910973085
7,birth_place,All other comparisons,0.11438580459615366,0.9949695910973085,0.005030408902691463
